-- phpMyAdmin SQL Dump
-- version 4.6.6
-- https://www.phpmyadmin.net/
--
-- Host: localhost
-- Generation Time: Dec 18, 2022 at 05:06 PM
-- Server version: 5.7.17-log
-- PHP Version: 5.6.30

SET SQL_MODE = "NO_AUTO_VALUE_ON_ZERO";
SET time_zone = "+00:00";


/*!40101 SET @OLD_CHARACTER_SET_CLIENT=@@CHARACTER_SET_CLIENT */;
/*!40101 SET @OLD_CHARACTER_SET_RESULTS=@@CHARACTER_SET_RESULTS */;
/*!40101 SET @OLD_COLLATION_CONNECTION=@@COLLATION_CONNECTION */;
/*!40101 SET NAMES utf8mb4 */;

--
-- Database: `ahp`
--

-- --------------------------------------------------------

--
-- Table structure for table `tb_admin`
--

CREATE TABLE `tb_admin` (
  `user` varchar(16) DEFAULT NULL,
  `pass` varchar(16) DEFAULT NULL
) ENGINE=InnoDB DEFAULT CHARSET=latin1;

--
-- Dumping data for table `tb_admin`
--

INSERT INTO `tb_admin` (`user`, `pass`) VALUES
('admin', 'admin');

-- --------------------------------------------------------

--
-- Table structure for table `tb_alternatif`
--

CREATE TABLE `tb_alternatif` (
  `kode_alternatif` varchar(16) NOT NULL,
  `nama_alternatif` varchar(255) DEFAULT NULL,
  `total` double DEFAULT NULL,
  `rank` int(11) DEFAULT NULL
) ENGINE=MyISAM DEFAULT CHARSET=latin1;

--
-- Dumping data for table `tb_alternatif`
--

INSERT INTO `tb_alternatif` (`kode_alternatif`, `nama_alternatif`, `total`, `rank`) VALUES
('A1', 'justin', 0.22210161441467, 3),
('A2', 'Justin', 0.19045983983629, 4),
('A3', 'Bene', 0.44003641948071, 1),
('A4', 'Ripaldo', 0.36526011929195, 2);

-- --------------------------------------------------------

--
-- Table structure for table `tb_kriteria`
--

CREATE TABLE `tb_kriteria` (
  `kode_kriteria` varchar(16) NOT NULL,
  `nama_kriteria` varchar(256) DEFAULT NULL
) ENGINE=MyISAM DEFAULT CHARSET=latin1;

--
-- Dumping data for table `tb_kriteria`
--

INSERT INTO `tb_kriteria` (`kode_kriteria`, `nama_kriteria`) VALUES
('c1', 'Tingkat Kegiatan'),
('c2', 'Capaian Kegiatan'),
('c3', 'Lembaga Pemberi Event'),
('c4', 'IPK'),
('c5', 'Jenis Kegiatan'),
('c6', 'Tahun Perolehan'),
('c7', 'Individu/Kelompok');

-- --------------------------------------------------------

--
-- Table structure for table `tb_rel_alternatif`
--

CREATE TABLE `tb_rel_alternatif` (
  `ID` int(11) NOT NULL,
  `kode_alternatif` varchar(255) DEFAULT NULL,
  `kode_kriteria` varchar(255) DEFAULT NULL,
  `kode_sub` varchar(255) DEFAULT NULL
) ENGINE=MyISAM DEFAULT CHARSET=latin1;

--
-- Dumping data for table `tb_rel_alternatif`
--

INSERT INTO `tb_rel_alternatif` (`ID`, `kode_alternatif`, `kode_kriteria`, `kode_sub`) VALUES
(151, 'A1', 'c2', 'c201'),
(150, 'A1', 'c1', 'c103'),
(152, 'A1', 'c3', 'c306'),
(153, 'A1', 'c4', 'c406'),
(154, 'A1', 'c5', 'c502'),
(155, 'A1', 'c6', 'c601'),
(156, 'A1', 'c7', 'c702'),
(157, 'A2', 'c1', 'c102'),
(158, 'A2', 'c2', 'c203'),
(159, 'A2', 'c3', 'c303'),
(160, 'A2', 'c4', 'c404'),
(161, 'A2', 'c5', 'c503'),
(162, 'A2', 'c6', 'c602'),
(163, 'A2', 'c7', 'c702'),
(164, 'A3', 'c1', 'c101'),
(165, 'A3', 'c2', 'c202'),
(166, 'A3', 'c3', 'c301'),
(167, 'A3', 'c4', 'c405'),
(168, 'A3', 'c5', 'c502'),
(169, 'A3', 'c6', 'c601'),
(170, 'A3', 'c7', 'c701'),
(171, 'A4', 'c1', 'c101'),
(172, 'A4', 'c2', 'c203'),
(173, 'A4', 'c3', 'c302'),
(174, 'A4', 'c4', 'c402'),
(175, 'A4', 'c5', 'c502'),
(176, 'A4', 'c6', 'c602'),
(177, 'A4', 'c7', 'c702');

-- --------------------------------------------------------

--
-- Table structure for table `tb_rel_kriteria`
--

CREATE TABLE `tb_rel_kriteria` (
  `ID` int(11) NOT NULL,
  `ID1` varchar(16) DEFAULT NULL,
  `ID2` varchar(16) DEFAULT NULL,
  `nilai` double DEFAULT NULL
) ENGINE=MyISAM DEFAULT CHARSET=latin1;

--
-- Dumping data for table `tb_rel_kriteria`
--

INSERT INTO `tb_rel_kriteria` (`ID`, `ID1`, `ID2`, `nilai`) VALUES
(206, 'c1', 'c1', 1),
(207, 'c2', 'c1', 0.5),
(208, 'c2', 'c2', 1),
(209, 'c1', 'c2', 2),
(210, 'c3', 'c1', 0.333333333),
(211, 'c3', 'c2', 0.5),
(212, 'c3', 'c3', 1),
(213, 'c1', 'c3', 3),
(214, 'c2', 'c3', 2),
(228, 'c3', 'c4', 2),
(227, 'c2', 'c4', 3),
(226, 'c1', 'c4', 4),
(225, 'c4', 'c4', 1),
(224, 'c4', 'c3', 0.5),
(223, 'c4', 'c2', 0.333333333),
(222, 'c4', 'c1', 0.25),
(229, 'c5', 'c1', 0.2),
(230, 'c5', 'c2', 0.25),
(231, 'c5', 'c3', 0.333333333),
(232, 'c5', 'c4', 0.5),
(233, 'c5', 'c5', 1),
(234, 'c1', 'c5', 5),
(235, 'c2', 'c5', 4),
(236, 'c3', 'c5', 3),
(237, 'c4', 'c5', 2),
(238, 'c6', 'c1', 0.166666666),
(239, 'c6', 'c2', 0.2),
(240, 'c6', 'c3', 0.25),
(241, 'c6', 'c4', 0.333333333),
(242, 'c6', 'c5', 0.5),
(243, 'c6', 'c6', 1),
(244, 'c1', 'c6', 6),
(245, 'c2', 'c6', 5),
(246, 'c3', 'c6', 4),
(247, 'c4', 'c6', 3),
(248, 'c5', 'c6', 2),
(249, 'c7', 'c1', 0.142857142),
(250, 'c7', 'c2', 0.166666666),
(251, 'c7', 'c3', 0.2),
(252, 'c7', 'c4', 0.25),
(253, 'c7', 'c5', 0.333333333),
(254, 'c7', 'c6', 0.5),
(255, 'c7', 'c7', 1),
(256, 'c1', 'c7', 7),
(257, 'c2', 'c7', 6),
(258, 'c3', 'c7', 5),
(259, 'c4', 'c7', 4),
(260, 'c5', 'c7', 3),
(261, 'c6', 'c7', 2);

-- --------------------------------------------------------

--
-- Table structure for table `tb_rel_sub`
--

CREATE TABLE `tb_rel_sub` (
  `ID` int(11) NOT NULL,
  `ID1` varchar(255) DEFAULT NULL,
  `ID2` varchar(255) DEFAULT NULL,
  `nilai` double DEFAULT NULL,
  `bobot` double DEFAULT NULL
) ENGINE=MyISAM DEFAULT CHARSET=latin1;

--
-- Dumping data for table `tb_rel_sub`
--

INSERT INTO `tb_rel_sub` (`ID`, `ID1`, `ID2`, `nilai`, `bobot`) VALUES
(5614, 'c203', 'c103', 1, NULL),
(5613, 'c203', 'c102', 1, NULL),
(5595, 'c102', 'c103', 3, NULL),
(5612, 'c203', 'c101', 1, NULL),
(5594, 'c101', 'c103', 5, NULL),
(5590, 'c101', 'c102', 3, NULL),
(5593, 'c103', 'c103', 1, NULL),
(5611, 'c201', 'c202', 2, NULL),
(5610, 'c103', 'c202', 1, NULL),
(5609, 'c102', 'c202', 1, NULL),
(5608, 'c101', 'c202', 1, NULL),
(5607, 'c202', 'c202', 1, NULL),
(5606, 'c202', 'c201', 0.5, NULL),
(5602, 'c103', 'c201', 1, NULL),
(5601, 'c102', 'c201', 1, NULL),
(5600, 'c101', 'c201', 1, NULL),
(5605, 'c202', 'c103', 1, NULL),
(5599, 'c201', 'c201', 1, NULL),
(5598, 'c201', 'c103', 1, NULL),
(5604, 'c202', 'c102', 1, NULL),
(5597, 'c201', 'c102', 1, NULL),
(5592, 'c103', 'c102', 0.333333333, NULL),
(5589, 'c102', 'c102', 1, NULL),
(5587, 'c101', 'c101', 1, NULL),
(5603, 'c202', 'c101', 1, NULL),
(5596, 'c201', 'c101', 1, NULL),
(5591, 'c103', 'c101', 0.2, NULL),
(5588, 'c102', 'c101', 0.333333333, NULL),
(5615, 'c203', 'c201', 0.333333333, NULL),
(5616, 'c203', 'c202', 0.5, NULL),
(5617, 'c203', 'c203', 1, NULL),
(5618, 'c101', 'c203', 1, NULL),
(5619, 'c102', 'c203', 1, NULL),
(5620, 'c103', 'c203', 1, NULL),
(5621, 'c201', 'c203', 3, NULL),
(5622, 'c202', 'c203', 2, NULL),
(5623, 'c301', 'c101', 1, NULL),
(5624, 'c301', 'c102', 1, NULL),
(5625, 'c301', 'c103', 1, NULL),
(5626, 'c301', 'c201', 1, NULL),
(5627, 'c301', 'c202', 1, NULL),
(5628, 'c301', 'c203', 1, NULL),
(5629, 'c301', 'c301', 1, NULL),
(5630, 'c101', 'c301', 1, NULL),
(5631, 'c102', 'c301', 1, NULL),
(5632, 'c103', 'c301', 1, NULL),
(5633, 'c201', 'c301', 1, NULL),
(5634, 'c202', 'c301', 1, NULL),
(5635, 'c203', 'c301', 1, NULL),
(5636, 'c302', 'c101', 1, NULL),
(5637, 'c302', 'c102', 1, NULL),
(5638, 'c302', 'c103', 1, NULL),
(5639, 'c302', 'c201', 1, NULL),
(5640, 'c302', 'c202', 1, NULL),
(5641, 'c302', 'c203', 1, NULL),
(5642, 'c302', 'c301', 0.333333333, NULL),
(5643, 'c302', 'c302', 1, NULL),
(5644, 'c101', 'c302', 1, NULL),
(5645, 'c102', 'c302', 1, NULL),
(5646, 'c103', 'c302', 1, NULL),
(5647, 'c201', 'c302', 1, NULL),
(5648, 'c202', 'c302', 1, NULL),
(5649, 'c203', 'c302', 1, NULL),
(5650, 'c301', 'c302', 3, NULL),
(5651, 'c303', 'c101', 1, NULL),
(5652, 'c303', 'c102', 1, NULL),
(5653, 'c303', 'c103', 1, NULL),
(5654, 'c303', 'c201', 1, NULL),
(5655, 'c303', 'c202', 1, NULL),
(5656, 'c303', 'c203', 1, NULL),
(5657, 'c303', 'c301', 0.2, NULL),
(5658, 'c303', 'c302', 0.333333333, NULL),
(5659, 'c303', 'c303', 1, NULL),
(5660, 'c101', 'c303', 1, NULL),
(5661, 'c102', 'c303', 1, NULL),
(5662, 'c103', 'c303', 1, NULL),
(5663, 'c201', 'c303', 1, NULL),
(5664, 'c202', 'c303', 1, NULL),
(5665, 'c203', 'c303', 1, NULL),
(5666, 'c301', 'c303', 5, NULL),
(5667, 'c302', 'c303', 3, NULL),
(5668, 'c304', 'c101', 1, NULL),
(5669, 'c304', 'c102', 1, NULL),
(5670, 'c304', 'c103', 1, NULL),
(5671, 'c304', 'c201', 1, NULL),
(5672, 'c304', 'c202', 1, NULL),
(5673, 'c304', 'c203', 1, NULL),
(5674, 'c304', 'c301', 0.142857142, NULL),
(5675, 'c304', 'c302', 0.2, NULL),
(5676, 'c304', 'c303', 0.333333333, NULL),
(5677, 'c304', 'c304', 1, NULL),
(5678, 'c101', 'c304', 1, NULL),
(5679, 'c102', 'c304', 1, NULL),
(5680, 'c103', 'c304', 1, NULL),
(5681, 'c201', 'c304', 1, NULL),
(5682, 'c202', 'c304', 1, NULL),
(5683, 'c203', 'c304', 1, NULL),
(5684, 'c301', 'c304', 7, NULL),
(5685, 'c302', 'c304', 5, NULL),
(5686, 'c303', 'c304', 3, NULL),
(5687, 'c305', 'c101', 1, NULL),
(5688, 'c305', 'c102', 1, NULL),
(5689, 'c305', 'c103', 1, NULL),
(5690, 'c305', 'c201', 1, NULL),
(5691, 'c305', 'c202', 1, NULL),
(5692, 'c305', 'c203', 1, NULL),
(5693, 'c305', 'c301', 0.125, NULL),
(5694, 'c305', 'c302', 0.142857142, NULL),
(5695, 'c305', 'c303', 0.2, NULL),
(5696, 'c305', 'c304', 0.333333333, NULL),
(5697, 'c305', 'c305', 1, NULL),
(5698, 'c101', 'c305', 1, NULL),
(5699, 'c102', 'c305', 1, NULL),
(5700, 'c103', 'c305', 1, NULL),
(5701, 'c201', 'c305', 1, NULL),
(5702, 'c202', 'c305', 1, NULL),
(5703, 'c203', 'c305', 1, NULL),
(5704, 'c301', 'c305', 8, NULL),
(5705, 'c302', 'c305', 7, NULL),
(5706, 'c303', 'c305', 5, NULL),
(5707, 'c304', 'c305', 3, NULL),
(5708, 'c306', 'c101', 1, NULL),
(5709, 'c306', 'c102', 1, NULL),
(5710, 'c306', 'c103', 1, NULL),
(5711, 'c306', 'c201', 1, NULL),
(5712, 'c306', 'c202', 1, NULL),
(5713, 'c306', 'c203', 1, NULL),
(5714, 'c306', 'c301', 0.111111111, NULL),
(5715, 'c306', 'c302', 0.111111111, NULL),
(5716, 'c306', 'c303', 0.142857142, NULL),
(5717, 'c306', 'c304', 0.2, NULL),
(5718, 'c306', 'c305', 0.333333333, NULL),
(5719, 'c306', 'c306', 1, NULL),
(5720, 'c101', 'c306', 1, NULL),
(5721, 'c102', 'c306', 1, NULL),
(5722, 'c103', 'c306', 1, NULL),
(5723, 'c201', 'c306', 1, NULL),
(5724, 'c202', 'c306', 1, NULL),
(5725, 'c203', 'c306', 1, NULL),
(5726, 'c301', 'c306', 9, NULL),
(5727, 'c302', 'c306', 9, NULL),
(5728, 'c303', 'c306', 7, NULL),
(5729, 'c304', 'c306', 5, NULL),
(5730, 'c305', 'c306', 3, NULL),
(5731, 'c401', 'c101', 1, NULL),
(5732, 'c401', 'c102', 1, NULL),
(5733, 'c401', 'c103', 1, NULL),
(5734, 'c401', 'c201', 1, NULL),
(5735, 'c401', 'c202', 1, NULL),
(5736, 'c401', 'c203', 1, NULL),
(5737, 'c401', 'c301', 1, NULL),
(5738, 'c401', 'c302', 1, NULL),
(5739, 'c401', 'c303', 1, NULL),
(5740, 'c401', 'c304', 1, NULL),
(5741, 'c401', 'c305', 1, NULL),
(5742, 'c401', 'c306', 1, NULL),
(5743, 'c401', 'c401', 1, NULL),
(5744, 'c101', 'c401', 1, NULL),
(5745, 'c102', 'c401', 1, NULL),
(5746, 'c103', 'c401', 1, NULL),
(5747, 'c201', 'c401', 1, NULL),
(5748, 'c202', 'c401', 1, NULL),
(5749, 'c203', 'c401', 1, NULL),
(5750, 'c301', 'c401', 1, NULL),
(5751, 'c302', 'c401', 1, NULL),
(5752, 'c303', 'c401', 1, NULL),
(5753, 'c304', 'c401', 1, NULL),
(5754, 'c305', 'c401', 1, NULL),
(5755, 'c306', 'c401', 1, NULL),
(5756, 'c402', 'c101', 1, NULL),
(5757, 'c402', 'c102', 1, NULL),
(5758, 'c402', 'c103', 1, NULL),
(5759, 'c402', 'c201', 1, NULL),
(5760, 'c402', 'c202', 1, NULL),
(5761, 'c402', 'c203', 1, NULL),
(5762, 'c402', 'c301', 1, NULL),
(5763, 'c402', 'c302', 1, NULL),
(5764, 'c402', 'c303', 1, NULL),
(5765, 'c402', 'c304', 1, NULL),
(5766, 'c402', 'c305', 1, NULL),
(5767, 'c402', 'c306', 1, NULL),
(5768, 'c402', 'c401', 0.5, NULL),
(5769, 'c402', 'c402', 1, NULL),
(5770, 'c101', 'c402', 1, NULL),
(5771, 'c102', 'c402', 1, NULL),
(5772, 'c103', 'c402', 1, NULL),
(5773, 'c201', 'c402', 1, NULL),
(5774, 'c202', 'c402', 1, NULL),
(5775, 'c203', 'c402', 1, NULL),
(5776, 'c301', 'c402', 1, NULL),
(5777, 'c302', 'c402', 1, NULL),
(5778, 'c303', 'c402', 1, NULL),
(5779, 'c304', 'c402', 1, NULL),
(5780, 'c305', 'c402', 1, NULL),
(5781, 'c306', 'c402', 1, NULL),
(5782, 'c401', 'c402', 2, NULL),
(5783, 'c403', 'c101', 1, NULL),
(5784, 'c403', 'c102', 1, NULL),
(5785, 'c403', 'c103', 1, NULL),
(5786, 'c403', 'c201', 1, NULL),
(5787, 'c403', 'c202', 1, NULL),
(5788, 'c403', 'c203', 1, NULL),
(5789, 'c403', 'c301', 1, NULL),
(5790, 'c403', 'c302', 1, NULL),
(5791, 'c403', 'c303', 1, NULL),
(5792, 'c403', 'c304', 1, NULL),
(5793, 'c403', 'c305', 1, NULL),
(5794, 'c403', 'c306', 1, NULL),
(5795, 'c403', 'c401', 0.333333333, NULL),
(5796, 'c403', 'c402', 0.5, NULL),
(5797, 'c403', 'c403', 1, NULL),
(5798, 'c101', 'c403', 1, NULL),
(5799, 'c102', 'c403', 1, NULL),
(5800, 'c103', 'c403', 1, NULL),
(5801, 'c201', 'c403', 1, NULL),
(5802, 'c202', 'c403', 1, NULL),
(5803, 'c203', 'c403', 1, NULL),
(5804, 'c301', 'c403', 1, NULL),
(5805, 'c302', 'c403', 1, NULL),
(5806, 'c303', 'c403', 1, NULL),
(5807, 'c304', 'c403', 1, NULL),
(5808, 'c305', 'c403', 1, NULL),
(5809, 'c306', 'c403', 1, NULL),
(5810, 'c401', 'c403', 3, NULL),
(5811, 'c402', 'c403', 2, NULL),
(5812, 'c404', 'c101', 1, NULL),
(5813, 'c404', 'c102', 1, NULL),
(5814, 'c404', 'c103', 1, NULL),
(5815, 'c404', 'c201', 1, NULL),
(5816, 'c404', 'c202', 1, NULL),
(5817, 'c404', 'c203', 1, NULL),
(5818, 'c404', 'c301', 1, NULL),
(5819, 'c404', 'c302', 1, NULL),
(5820, 'c404', 'c303', 1, NULL),
(5821, 'c404', 'c304', 1, NULL),
(5822, 'c404', 'c305', 1, NULL),
(5823, 'c404', 'c306', 1, NULL),
(5824, 'c404', 'c401', 0.25, NULL),
(5825, 'c404', 'c402', 0.333333333, NULL),
(5826, 'c404', 'c403', 0.5, NULL),
(5827, 'c404', 'c404', 1, NULL),
(5828, 'c101', 'c404', 1, NULL),
(5829, 'c102', 'c404', 1, NULL),
(5830, 'c103', 'c404', 1, NULL),
(5831, 'c201', 'c404', 1, NULL),
(5832, 'c202', 'c404', 1, NULL),
(5833, 'c203', 'c404', 1, NULL),
(5834, 'c301', 'c404', 1, NULL),
(5835, 'c302', 'c404', 1, NULL),
(5836, 'c303', 'c404', 1, NULL),
(5837, 'c304', 'c404', 1, NULL),
(5838, 'c305', 'c404', 1, NULL),
(5839, 'c306', 'c404', 1, NULL),
(5840, 'c401', 'c404', 4, NULL),
(5841, 'c402', 'c404', 3, NULL),
(5842, 'c403', 'c404', 2, NULL),
(5843, 'c405', 'c101', 1, NULL),
(5844, 'c405', 'c102', 1, NULL),
(5845, 'c405', 'c103', 1, NULL),
(5846, 'c405', 'c201', 1, NULL),
(5847, 'c405', 'c202', 1, NULL),
(5848, 'c405', 'c203', 1, NULL),
(5849, 'c405', 'c301', 1, NULL),
(5850, 'c405', 'c302', 1, NULL),
(5851, 'c405', 'c303', 1, NULL),
(5852, 'c405', 'c304', 1, NULL),
(5853, 'c405', 'c305', 1, NULL),
(5854, 'c405', 'c306', 1, NULL),
(5855, 'c405', 'c401', 0.2, NULL),
(5856, 'c405', 'c402', 0.25, NULL),
(5857, 'c405', 'c403', 0.333333333, NULL),
(5858, 'c405', 'c404', 0.5, NULL),
(5859, 'c405', 'c405', 1, NULL),
(5860, 'c101', 'c405', 1, NULL),
(5861, 'c102', 'c405', 1, NULL),
(5862, 'c103', 'c405', 1, NULL),
(5863, 'c201', 'c405', 1, NULL),
(5864, 'c202', 'c405', 1, NULL),
(5865, 'c203', 'c405', 1, NULL),
(5866, 'c301', 'c405', 1, NULL),
(5867, 'c302', 'c405', 1, NULL),
(5868, 'c303', 'c405', 1, NULL),
(5869, 'c304', 'c405', 1, NULL),
(5870, 'c305', 'c405', 1, NULL),
(5871, 'c306', 'c405', 1, NULL),
(5872, 'c401', 'c405', 5, NULL),
(5873, 'c402', 'c405', 4, NULL),
(5874, 'c403', 'c405', 3, NULL),
(5875, 'c404', 'c405', 2, NULL),
(5876, 'c406', 'c101', 1, NULL),
(5877, 'c406', 'c102', 1, NULL),
(5878, 'c406', 'c103', 1, NULL),
(5879, 'c406', 'c201', 1, NULL),
(5880, 'c406', 'c202', 1, NULL),
(5881, 'c406', 'c203', 1, NULL),
(5882, 'c406', 'c301', 1, NULL),
(5883, 'c406', 'c302', 1, NULL),
(5884, 'c406', 'c303', 1, NULL),
(5885, 'c406', 'c304', 1, NULL),
(5886, 'c406', 'c305', 1, NULL),
(5887, 'c406', 'c306', 1, NULL),
(5888, 'c406', 'c401', 0.166666666, NULL),
(5889, 'c406', 'c402', 0.2, NULL),
(5890, 'c406', 'c403', 0.25, NULL),
(5891, 'c406', 'c404', 0.333333333, NULL),
(5892, 'c406', 'c405', 0.5, NULL),
(5893, 'c406', 'c406', 1, NULL),
(5894, 'c101', 'c406', 1, NULL),
(5895, 'c102', 'c406', 1, NULL),
(5896, 'c103', 'c406', 1, NULL),
(5897, 'c201', 'c406', 1, NULL),
(5898, 'c202', 'c406', 1, NULL),
(5899, 'c203', 'c406', 1, NULL),
(5900, 'c301', 'c406', 1, NULL),
(5901, 'c302', 'c406', 1, NULL),
(5902, 'c303', 'c406', 1, NULL),
(5903, 'c304', 'c406', 1, NULL),
(5904, 'c305', 'c406', 1, NULL),
(5905, 'c306', 'c406', 1, NULL),
(5906, 'c401', 'c406', 6, NULL),
(5907, 'c402', 'c406', 5, NULL),
(5908, 'c403', 'c406', 4, NULL),
(5909, 'c404', 'c406', 3, NULL),
(5910, 'c405', 'c406', 2, NULL),
(5911, 'c501', 'c101', 1, NULL),
(5912, 'c501', 'c102', 1, NULL),
(5913, 'c501', 'c103', 1, NULL),
(5914, 'c501', 'c201', 1, NULL),
(5915, 'c501', 'c202', 1, NULL),
(5916, 'c501', 'c203', 1, NULL),
(5917, 'c501', 'c301', 1, NULL),
(5918, 'c501', 'c302', 1, NULL),
(5919, 'c501', 'c303', 1, NULL),
(5920, 'c501', 'c304', 1, NULL),
(5921, 'c501', 'c305', 1, NULL),
(5922, 'c501', 'c306', 1, NULL),
(5923, 'c501', 'c401', 1, NULL),
(5924, 'c501', 'c402', 1, NULL),
(5925, 'c501', 'c403', 1, NULL),
(5926, 'c501', 'c404', 1, NULL),
(5927, 'c501', 'c405', 1, NULL),
(5928, 'c501', 'c406', 1, NULL),
(5929, 'c501', 'c501', 1, NULL),
(5930, 'c101', 'c501', 1, NULL),
(5931, 'c102', 'c501', 1, NULL),
(5932, 'c103', 'c501', 1, NULL),
(5933, 'c201', 'c501', 1, NULL),
(5934, 'c202', 'c501', 1, NULL),
(5935, 'c203', 'c501', 1, NULL),
(5936, 'c301', 'c501', 1, NULL),
(5937, 'c302', 'c501', 1, NULL),
(5938, 'c303', 'c501', 1, NULL),
(5939, 'c304', 'c501', 1, NULL),
(5940, 'c305', 'c501', 1, NULL),
(5941, 'c306', 'c501', 1, NULL),
(5942, 'c401', 'c501', 1, NULL),
(5943, 'c402', 'c501', 1, NULL),
(5944, 'c403', 'c501', 1, NULL),
(5945, 'c404', 'c501', 1, NULL),
(5946, 'c405', 'c501', 1, NULL),
(5947, 'c406', 'c501', 1, NULL),
(5948, 'c502', 'c101', 1, NULL),
(5949, 'c502', 'c102', 1, NULL),
(5950, 'c502', 'c103', 1, NULL),
(5951, 'c502', 'c201', 1, NULL),
(5952, 'c502', 'c202', 1, NULL),
(5953, 'c502', 'c203', 1, NULL),
(5954, 'c502', 'c301', 1, NULL),
(5955, 'c502', 'c302', 1, NULL),
(5956, 'c502', 'c303', 1, NULL),
(5957, 'c502', 'c304', 1, NULL),
(5958, 'c502', 'c305', 1, NULL),
(5959, 'c502', 'c306', 1, NULL),
(5960, 'c502', 'c401', 1, NULL),
(5961, 'c502', 'c402', 1, NULL),
(5962, 'c502', 'c403', 1, NULL),
(5963, 'c502', 'c404', 1, NULL),
(5964, 'c502', 'c405', 1, NULL),
(5965, 'c502', 'c406', 1, NULL),
(5966, 'c502', 'c501', 0.333333333, NULL),
(5967, 'c502', 'c502', 1, NULL),
(5968, 'c101', 'c502', 1, NULL),
(5969, 'c102', 'c502', 1, NULL),
(5970, 'c103', 'c502', 1, NULL),
(5971, 'c201', 'c502', 1, NULL),
(5972, 'c202', 'c502', 1, NULL),
(5973, 'c203', 'c502', 1, NULL),
(5974, 'c301', 'c502', 1, NULL),
(5975, 'c302', 'c502', 1, NULL),
(5976, 'c303', 'c502', 1, NULL),
(5977, 'c304', 'c502', 1, NULL),
(5978, 'c305', 'c502', 1, NULL),
(5979, 'c306', 'c502', 1, NULL),
(5980, 'c401', 'c502', 1, NULL),
(5981, 'c402', 'c502', 1, NULL),
(5982, 'c403', 'c502', 1, NULL),
(5983, 'c404', 'c502', 1, NULL),
(5984, 'c405', 'c502', 1, NULL),
(5985, 'c406', 'c502', 1, NULL),
(5986, 'c501', 'c502', 3, NULL),
(5987, 'c503', 'c101', 1, NULL),
(5988, 'c503', 'c102', 1, NULL),
(5989, 'c503', 'c103', 1, NULL),
(5990, 'c503', 'c201', 1, NULL),
(5991, 'c503', 'c202', 1, NULL),
(5992, 'c503', 'c203', 1, NULL),
(5993, 'c503', 'c301', 1, NULL),
(5994, 'c503', 'c302', 1, NULL),
(5995, 'c503', 'c303', 1, NULL),
(5996, 'c503', 'c304', 1, NULL),
(5997, 'c503', 'c305', 1, NULL),
(5998, 'c503', 'c306', 1, NULL),
(5999, 'c503', 'c401', 1, NULL),
(6000, 'c503', 'c402', 1, NULL),
(6001, 'c503', 'c403', 1, NULL),
(6002, 'c503', 'c404', 1, NULL),
(6003, 'c503', 'c405', 1, NULL),
(6004, 'c503', 'c406', 1, NULL),
(6005, 'c503', 'c501', 0.2, NULL),
(6006, 'c503', 'c502', 0.333333333, NULL),
(6007, 'c503', 'c503', 1, NULL),
(6008, 'c101', 'c503', 1, NULL),
(6009, 'c102', 'c503', 1, NULL),
(6010, 'c103', 'c503', 1, NULL),
(6011, 'c201', 'c503', 1, NULL),
(6012, 'c202', 'c503', 1, NULL),
(6013, 'c203', 'c503', 1, NULL),
(6014, 'c301', 'c503', 1, NULL),
(6015, 'c302', 'c503', 1, NULL),
(6016, 'c303', 'c503', 1, NULL),
(6017, 'c304', 'c503', 1, NULL),
(6018, 'c305', 'c503', 1, NULL),
(6019, 'c306', 'c503', 1, NULL),
(6020, 'c401', 'c503', 1, NULL),
(6021, 'c402', 'c503', 1, NULL),
(6022, 'c403', 'c503', 1, NULL),
(6023, 'c404', 'c503', 1, NULL),
(6024, 'c405', 'c503', 1, NULL),
(6025, 'c406', 'c503', 1, NULL),
(6026, 'c501', 'c503', 5, NULL),
(6027, 'c502', 'c503', 3, NULL),
(6028, 'c601', 'c101', 1, NULL),
(6029, 'c601', 'c102', 1, NULL),
(6030, 'c601', 'c103', 1, NULL),
(6031, 'c601', 'c201', 1, NULL),
(6032, 'c601', 'c202', 1, NULL),
(6033, 'c601', 'c203', 1, NULL),
(6034, 'c601', 'c301', 1, NULL),
(6035, 'c601', 'c302', 1, NULL),
(6036, 'c601', 'c303', 1, NULL),
(6037, 'c601', 'c304', 1, NULL),
(6038, 'c601', 'c305', 1, NULL),
(6039, 'c601', 'c306', 1, NULL),
(6040, 'c601', 'c401', 1, NULL),
(6041, 'c601', 'c402', 1, NULL),
(6042, 'c601', 'c403', 1, NULL),
(6043, 'c601', 'c404', 1, NULL),
(6044, 'c601', 'c405', 1, NULL),
(6045, 'c601', 'c406', 1, NULL),
(6046, 'c601', 'c501', 1, NULL),
(6047, 'c601', 'c502', 1, NULL),
(6048, 'c601', 'c503', 1, NULL),
(6049, 'c601', 'c601', 1, NULL),
(6050, 'c101', 'c601', 1, NULL),
(6051, 'c102', 'c601', 1, NULL),
(6052, 'c103', 'c601', 1, NULL),
(6053, 'c201', 'c601', 1, NULL),
(6054, 'c202', 'c601', 1, NULL),
(6055, 'c203', 'c601', 1, NULL),
(6056, 'c301', 'c601', 1, NULL),
(6057, 'c302', 'c601', 1, NULL),
(6058, 'c303', 'c601', 1, NULL),
(6059, 'c304', 'c601', 1, NULL),
(6060, 'c305', 'c601', 1, NULL),
(6061, 'c306', 'c601', 1, NULL),
(6062, 'c401', 'c601', 1, NULL),
(6063, 'c402', 'c601', 1, NULL),
(6064, 'c403', 'c601', 1, NULL),
(6065, 'c404', 'c601', 1, NULL),
(6066, 'c405', 'c601', 1, NULL),
(6067, 'c406', 'c601', 1, NULL),
(6068, 'c501', 'c601', 1, NULL),
(6069, 'c502', 'c601', 1, NULL),
(6070, 'c503', 'c601', 1, NULL),
(6071, 'c602', 'c101', 1, NULL),
(6072, 'c602', 'c102', 1, NULL),
(6073, 'c602', 'c103', 1, NULL),
(6074, 'c602', 'c201', 1, NULL),
(6075, 'c602', 'c202', 1, NULL),
(6076, 'c602', 'c203', 1, NULL),
(6077, 'c602', 'c301', 1, NULL),
(6078, 'c602', 'c302', 1, NULL),
(6079, 'c602', 'c303', 1, NULL),
(6080, 'c602', 'c304', 1, NULL),
(6081, 'c602', 'c305', 1, NULL),
(6082, 'c602', 'c306', 1, NULL),
(6083, 'c602', 'c401', 1, NULL),
(6084, 'c602', 'c402', 1, NULL),
(6085, 'c602', 'c403', 1, NULL),
(6086, 'c602', 'c404', 1, NULL),
(6087, 'c602', 'c405', 1, NULL),
(6088, 'c602', 'c406', 1, NULL),
(6089, 'c602', 'c501', 1, NULL),
(6090, 'c602', 'c502', 1, NULL),
(6091, 'c602', 'c503', 1, NULL),
(6092, 'c602', 'c601', 0.5, NULL),
(6093, 'c602', 'c602', 1, NULL),
(6094, 'c101', 'c602', 1, NULL),
(6095, 'c102', 'c602', 1, NULL),
(6096, 'c103', 'c602', 1, NULL),
(6097, 'c201', 'c602', 1, NULL),
(6098, 'c202', 'c602', 1, NULL),
(6099, 'c203', 'c602', 1, NULL),
(6100, 'c301', 'c602', 1, NULL),
(6101, 'c302', 'c602', 1, NULL),
(6102, 'c303', 'c602', 1, NULL),
(6103, 'c304', 'c602', 1, NULL),
(6104, 'c305', 'c602', 1, NULL),
(6105, 'c306', 'c602', 1, NULL),
(6106, 'c401', 'c602', 1, NULL),
(6107, 'c402', 'c602', 1, NULL),
(6108, 'c403', 'c602', 1, NULL),
(6109, 'c404', 'c602', 1, NULL),
(6110, 'c405', 'c602', 1, NULL),
(6111, 'c406', 'c602', 1, NULL),
(6112, 'c501', 'c602', 1, NULL),
(6113, 'c502', 'c602', 1, NULL),
(6114, 'c503', 'c602', 1, NULL),
(6115, 'c601', 'c602', 2, NULL),
(6116, 'c701', 'c101', 1, NULL),
(6117, 'c701', 'c102', 1, NULL),
(6118, 'c701', 'c103', 1, NULL),
(6119, 'c701', 'c201', 1, NULL),
(6120, 'c701', 'c202', 1, NULL),
(6121, 'c701', 'c203', 1, NULL),
(6122, 'c701', 'c301', 1, NULL),
(6123, 'c701', 'c302', 1, NULL),
(6124, 'c701', 'c303', 1, NULL),
(6125, 'c701', 'c304', 1, NULL),
(6126, 'c701', 'c305', 1, NULL),
(6127, 'c701', 'c306', 1, NULL),
(6128, 'c701', 'c401', 1, NULL),
(6129, 'c701', 'c402', 1, NULL),
(6130, 'c701', 'c403', 1, NULL),
(6131, 'c701', 'c404', 1, NULL),
(6132, 'c701', 'c405', 1, NULL),
(6133, 'c701', 'c406', 1, NULL),
(6134, 'c701', 'c501', 1, NULL),
(6135, 'c701', 'c502', 1, NULL),
(6136, 'c701', 'c503', 1, NULL),
(6137, 'c701', 'c601', 1, NULL),
(6138, 'c701', 'c602', 1, NULL),
(6139, 'c701', 'c701', 1, NULL),
(6140, 'c101', 'c701', 1, NULL),
(6141, 'c102', 'c701', 1, NULL),
(6142, 'c103', 'c701', 1, NULL),
(6143, 'c201', 'c701', 1, NULL),
(6144, 'c202', 'c701', 1, NULL),
(6145, 'c203', 'c701', 1, NULL),
(6146, 'c301', 'c701', 1, NULL),
(6147, 'c302', 'c701', 1, NULL),
(6148, 'c303', 'c701', 1, NULL),
(6149, 'c304', 'c701', 1, NULL),
(6150, 'c305', 'c701', 1, NULL),
(6151, 'c306', 'c701', 1, NULL),
(6152, 'c401', 'c701', 1, NULL),
(6153, 'c402', 'c701', 1, NULL),
(6154, 'c403', 'c701', 1, NULL),
(6155, 'c404', 'c701', 1, NULL),
(6156, 'c405', 'c701', 1, NULL),
(6157, 'c406', 'c701', 1, NULL),
(6158, 'c501', 'c701', 1, NULL),
(6159, 'c502', 'c701', 1, NULL),
(6160, 'c503', 'c701', 1, NULL),
(6161, 'c601', 'c701', 1, NULL),
(6162, 'c602', 'c701', 1, NULL),
(6163, 'c702', 'c101', 1, NULL),
(6164, 'c702', 'c102', 1, NULL),
(6165, 'c702', 'c103', 1, NULL),
(6166, 'c702', 'c201', 1, NULL),
(6167, 'c702', 'c202', 1, NULL),
(6168, 'c702', 'c203', 1, NULL),
(6169, 'c702', 'c301', 1, NULL),
(6170, 'c702', 'c302', 1, NULL),
(6171, 'c702', 'c303', 1, NULL),
(6172, 'c702', 'c304', 1, NULL),
(6173, 'c702', 'c305', 1, NULL),
(6174, 'c702', 'c306', 1, NULL),
(6175, 'c702', 'c401', 1, NULL),
(6176, 'c702', 'c402', 1, NULL),
(6177, 'c702', 'c403', 1, NULL),
(6178, 'c702', 'c404', 1, NULL),
(6179, 'c702', 'c405', 1, NULL),
(6180, 'c702', 'c406', 1, NULL),
(6181, 'c702', 'c501', 1, NULL),
(6182, 'c702', 'c502', 1, NULL),
(6183, 'c702', 'c503', 1, NULL),
(6184, 'c702', 'c601', 1, NULL),
(6185, 'c702', 'c602', 1, NULL),
(6186, 'c702', 'c701', 0.2, NULL),
(6187, 'c702', 'c702', 1, NULL),
(6188, 'c101', 'c702', 1, NULL),
(6189, 'c102', 'c702', 1, NULL),
(6190, 'c103', 'c702', 1, NULL),
(6191, 'c201', 'c702', 1, NULL),
(6192, 'c202', 'c702', 1, NULL),
(6193, 'c203', 'c702', 1, NULL),
(6194, 'c301', 'c702', 1, NULL),
(6195, 'c302', 'c702', 1, NULL),
(6196, 'c303', 'c702', 1, NULL),
(6197, 'c304', 'c702', 1, NULL),
(6198, 'c305', 'c702', 1, NULL),
(6199, 'c306', 'c702', 1, NULL),
(6200, 'c401', 'c702', 1, NULL),
(6201, 'c402', 'c702', 1, NULL),
(6202, 'c403', 'c702', 1, NULL),
(6203, 'c404', 'c702', 1, NULL),
(6204, 'c405', 'c702', 1, NULL),
(6205, 'c406', 'c702', 1, NULL),
(6206, 'c501', 'c702', 1, NULL),
(6207, 'c502', 'c702', 1, NULL),
(6208, 'c503', 'c702', 1, NULL),
(6209, 'c601', 'c702', 1, NULL),
(6210, 'c602', 'c702', 1, NULL),
(6211, 'c701', 'c702', 5, NULL),
(6212, 'c603', 'c101', 1, NULL),
(6213, 'c603', 'c102', 1, NULL),
(6214, 'c603', 'c103', 1, NULL),
(6215, 'c603', 'c201', 1, NULL),
(6216, 'c603', 'c202', 1, NULL),
(6217, 'c603', 'c203', 1, NULL),
(6218, 'c603', 'c301', 1, NULL),
(6219, 'c603', 'c302', 1, NULL),
(6220, 'c603', 'c303', 1, NULL),
(6221, 'c603', 'c304', 1, NULL),
(6222, 'c603', 'c305', 1, NULL),
(6223, 'c603', 'c306', 1, NULL),
(6224, 'c603', 'c401', 1, NULL),
(6225, 'c603', 'c402', 1, NULL),
(6226, 'c603', 'c403', 1, NULL),
(6227, 'c603', 'c404', 1, NULL),
(6228, 'c603', 'c405', 1, NULL),
(6229, 'c603', 'c406', 1, NULL),
(6230, 'c603', 'c501', 1, NULL),
(6231, 'c603', 'c502', 1, NULL),
(6232, 'c603', 'c503', 1, NULL),
(6233, 'c603', 'c601', 0.333333333, NULL),
(6234, 'c603', 'c602', 0.5, NULL),
(6235, 'c603', 'c603', 1, NULL),
(6236, 'c603', 'c701', 1, NULL),
(6237, 'c603', 'c702', 1, NULL),
(6238, 'c101', 'c603', 1, NULL),
(6239, 'c102', 'c603', 1, NULL),
(6240, 'c103', 'c603', 1, NULL),
(6241, 'c201', 'c603', 1, NULL),
(6242, 'c202', 'c603', 1, NULL),
(6243, 'c203', 'c603', 1, NULL),
(6244, 'c301', 'c603', 1, NULL),
(6245, 'c302', 'c603', 1, NULL),
(6246, 'c303', 'c603', 1, NULL),
(6247, 'c304', 'c603', 1, NULL),
(6248, 'c305', 'c603', 1, NULL),
(6249, 'c306', 'c603', 1, NULL),
(6250, 'c401', 'c603', 1, NULL),
(6251, 'c402', 'c603', 1, NULL),
(6252, 'c403', 'c603', 1, NULL),
(6253, 'c404', 'c603', 1, NULL),
(6254, 'c405', 'c603', 1, NULL),
(6255, 'c406', 'c603', 1, NULL),
(6256, 'c501', 'c603', 1, NULL),
(6257, 'c502', 'c603', 1, NULL),
(6258, 'c503', 'c603', 1, NULL),
(6259, 'c601', 'c603', 3, NULL),
(6260, 'c602', 'c603', 2, NULL),
(6261, 'c701', 'c603', 1, NULL),
(6262, 'c702', 'c603', 1, NULL);

-- --------------------------------------------------------

--
-- Table structure for table `tb_sub`
--

CREATE TABLE `tb_sub` (
  `kode_sub` varchar(255) NOT NULL,
  `kode_kriteria` varchar(255) DEFAULT NULL,
  `nama_sub` varchar(255) DEFAULT NULL,
  `nilai_sub` double DEFAULT NULL
) ENGINE=InnoDB DEFAULT CHARSET=latin1;

--
-- Dumping data for table `tb_sub`
--

INSERT INTO `tb_sub` (`kode_sub`, `kode_kriteria`, `nama_sub`, `nilai_sub`) VALUES
('c101', 'c1', 'Internasional', 0.63334572036725),
('c102', 'c1', 'Nasional', 0.26049795609934),
('c103', 'c1', 'Universitas', 0.10615632353341),
('c201', 'c2', 'Juara 1', 0.5389610389941),
('c202', 'c2', 'Juara 2', 0.29725829727483),
('c203', 'c2', 'Juara 3', 0.16378066373108),
('c301', 'c3', 'Kominfo', 0.44719671331582),
('c302', 'c3', 'Kementrian Perdagangan', 0.25800530077788),
('c303', 'c3', 'Bank Indonesia', 0.1450624225904),
('c304', 'c3', 'Djarum Group', 0.080293444673375),
('c305', 'c3', 'Atmajaya', 0.044228145568819),
('c306', 'c3', 'Matana', 0.025213973073702),
('c401', 'c4', '4.0', 0.37935740790838),
('c402', 'c4', '3.9', 0.24883007335327),
('c403', 'c4', '3.8', 0.16043372866598),
('c404', 'c4', '3.7', 0.10244119274987),
('c405', 'c4', '3.6', 0.065494217627356),
('c406', 'c4', '3.5', 0.04344337969514),
('c501', 'c5', 'Lomba Teknologi Kreatif', 0.63334572036725),
('c502', 'c5', 'Lomba Akuntansi', 0.26049795609934),
('c503', 'c5', 'PKM - GT', 0.10615632353341),
('c601', 'c6', '2022', 0.5389610389941),
('c602', 'c6', '2021', 0.29725829727483),
('c603', 'c6', '2020', 0.16378066373108),
('c701', 'c7', 'Individu', 0.83333333333333),
('c702', 'c7', 'Kelompok', 0.16666666666667);

--
-- Indexes for dumped tables
--

--
-- Indexes for table `tb_alternatif`
--
ALTER TABLE `tb_alternatif`
  ADD PRIMARY KEY (`kode_alternatif`);

--
-- Indexes for table `tb_kriteria`
--
ALTER TABLE `tb_kriteria`
  ADD PRIMARY KEY (`kode_kriteria`);

--
-- Indexes for table `tb_rel_alternatif`
--
ALTER TABLE `tb_rel_alternatif`
  ADD PRIMARY KEY (`ID`);

--
-- Indexes for table `tb_rel_kriteria`
--
ALTER TABLE `tb_rel_kriteria`
  ADD PRIMARY KEY (`ID`);

--
-- Indexes for table `tb_rel_sub`
--
ALTER TABLE `tb_rel_sub`
  ADD PRIMARY KEY (`ID`);

--
-- Indexes for table `tb_sub`
--
ALTER TABLE `tb_sub`
  ADD PRIMARY KEY (`kode_sub`);

--
-- AUTO_INCREMENT for dumped tables
--

--
-- AUTO_INCREMENT for table `tb_rel_alternatif`
--
ALTER TABLE `tb_rel_alternatif`
  MODIFY `ID` int(11) NOT NULL AUTO_INCREMENT, AUTO_INCREMENT=178;
--
-- AUTO_INCREMENT for table `tb_rel_kriteria`
--
ALTER TABLE `tb_rel_kriteria`
  MODIFY `ID` int(11) NOT NULL AUTO_INCREMENT, AUTO_INCREMENT=262;
--
-- AUTO_INCREMENT for table `tb_rel_sub`
--
ALTER TABLE `tb_rel_sub`
  MODIFY `ID` int(11) NOT NULL AUTO_INCREMENT, AUTO_INCREMENT=6263;
/*!40101 SET CHARACTER_SET_CLIENT=@OLD_CHARACTER_SET_CLIENT */;
/*!40101 SET CHARACTER_SET_RESULTS=@OLD_CHARACTER_SET_RESULTS */;
/*!40101 SET COLLATION_CONNECTION=@OLD_COLLATION_CONNECTION */;
